ID,JobTitle,Department,BusinessUnit,Gender,Age,AnnualSalary($),Bonus(%),City(USA),HireYear
1,Manger,IT,Research & Development,Female,55,141604,15,Seattle,2016
3,Director,Finance,Speciality Products,Female,50,163099,20,Chicago,2006
4,Computer Systems Manager,IT,Manufacturing,Female,26,84913,7,Chicago,2019
5,Analyst,Finance,Manufacturing,Male,55,95409,0,Phoenix,1995
7,Manager,IT,Corporate,Female,27,119746,10,Phoenix,2020
8,Analyst,Finance,Manufacturing,Male,25,41336,0,Miami,2020
9,Manager,Accounting,Manufacturing,Male,29,113527,6,Austin,2019
10,Analyst,Finance,Speciality Products,Female,34,77203,0,Chicago,2018
11,Manger,Human Resources,Manufacturing,Female,36,157333,15,Miami,2009
12,Controls Engineer,Engineering,Speciality Products,Female,27,109851,0,Seattle,2021
13,Manager,Human Resources,Manufacturing,Male,59,105086,9,Austin,1999
16,Vice President,Marketing,Research & Development,Female,41,249270,30,Seattle,2013
17,Director,Finance,Research & Development,Female,65,175837,20,Phoenix,2002
18,Manger,Marketing,Speciality Products,Female,64,154828,13,Seattle,2003
19,Director,IT,Corporate,Male,64,186503,24,Columbus,2013
22,Director,Sales,Manufacturing,Female,36,151703,21,Miami,2021
24,Analyst,Sales,Speciality Products,Male,37,49998,0,Seattle,2019
26,Director,Human Resources,Speciality Products,Male,41,152239,23,Columbus,2015
28,Vice President,Engineering,Speciality Products,Male,43,246231,31,Seattle,2004
31,IT Coordinator,IT,Research & Development,Male,28,54775,0,Columbus,2017
33,Analyst II,Sales,Research & Development,Male,61,66521,0,Seattle,2008
35,Analyst,Finance,Research & Development,Female,27,49011,0,Chicago,2018
36,Enterprise Architect,IT,Manufacturing,Female,32,99575,0,Austin,2014
38,Vice President,Marketing,Research & Development,Male,27,256420,30,Phoenix,2019
39,Technical Architect,IT,Manufacturing,Female,35,78940,0,Miami,2013
42,Manager,Marketing,Speciality Products,Female,53,113135,5,Austin,2013
43,Vice President,IT,Speciality Products,Male,52,199808,32,Seattle,2005
45,Manger,Marketing,Research & Development,Female,29,122350,12,Phoenix,2019
46,Enterprise Architect,IT,Research & Development,Male,40,92952,0,Seattle,2010
47,Computer Systems Manager,IT,Corporate,Male,32,79921,5,Austin,2013
48,Director,IT,Research & Development,Female,37,167199,20,Seattle,2009
49,Quality Engineer,Engineering,Research & Development,Male,52,71476,0,Phoenix,2012
50,Director,Engineering,Manufacturing,Female,45,189420,20,Seattle,2014
51,HRIS Analyst,Human Resources,Research & Development,Female,64,64057,0,Phoenix,2001
52,Analyst II,Marketing,Manufacturing,Female,27,68728,0,Phoenix,2021
54,Analyst II,Marketing,Manufacturing,Male,35,66889,0,Columbus,2011
55,Director,Accounting,Research & Development,Female,36,178700,29,Seattle,2015
56,Field Engineer,Engineering,Research & Development,Female,33,83990,0,Chicago,2018
57,Automation Engineer,Engineering,Corporate,Female,52,102043,0,Chicago,2005
58,Operations Engineer,Engineering,Manufacturing,Female,46,90678,0,Columbus,2001
59,Business Partner,Human Resources,Manufacturing,Female,46,59067,0,Miami,2008
63,Engineering Manager,Engineering,Corporate,Female,44,92753,13,Austin,2008
64,Vice President,Human Resources,Speciality Products,Male,45,236946,37,Seattle,2013
65,Analyst,Finance,Corporate,Female,36,48906,0,Miami,2021
66,Analyst,Sales,Corporate,Female,38,80024,0,Columbus,2008
67,HRIS Analyst,Human Resources,Speciality Products,Female,41,54415,0,Seattle,2009
68,Manager,Marketing,Research & Development,Female,30,120341,7,Seattle,2016
69,Vice President,IT,Speciality Products,Female,43,208415,35,Seattle,2009
70,Cloud Infrastructure Architect,IT,Speciality Products,Female,32,78844,0,Seattle,2020
71,Field Engineer,Engineering,Manufacturing,Male,58,76354,0,Phoenix,2002
72,Director,Finance,Speciality Products,Female,37,165927,20,Phoenix,2019
74,Controls Engineer,Engineering,Corporate,Male,55,86299,0,Seattle,1998
79,Analyst II,Finance,Corporate,Male,34,57008,0,Phoenix,2015
80,Manger,Finance,Manufacturing,Male,60,141899,15,Phoenix,2015
81,Analyst II,Marketing,Corporate,Male,41,64847,0,Miami,2016
82,Engineering Manager,Engineering,Research & Development,Male,53,116878,11,Miami,1992
83,Quality Engineer,Engineering,Speciality Products,Male,45,70505,0,Austin,2005
85,Director,Accounting,Speciality Products,Male,26,180664,27,Chicago,2020
90,Network Engineer,IT,Manufacturing,Male,29,84596,0,Miami,2018
94,Account Representative,Sales,Manufacturing,Male,31,55854,0,Austin,2017
95,Business Partner,Human Resources,Research & Development,Male,53,95998,0,Seattle,2002
96,Manger,Sales,Manufacturing,Female,34,154941,13,Phoenix,2015
100,Vice President,Sales,Manufacturing,Female,31,219693,30,Austin,2020
101,Test Engineer,Engineering,Research & Development,Female,45,61773,0,Seattle,2013
102,Computer Systems Manager,IT,Speciality Products,Female,48,74546,9,Seattle,2007
103,Development Engineer,Engineering,Speciality Products,Male,56,62575,0,Miami,2015
105,Analyst II,Accounting,Speciality Products,Male,55,52310,0,Miami,2007
106,Manger,Finance,Speciality Products,Male,64,159571,10,Columbus,2013
107,Field Engineer,Engineering,Research & Development,Female,50,91763,0,Austin,1997
108,Development Engineer,Engineering,Corporate,Female,51,96475,0,Austin,1995
109,Controls Engineer,Engineering,Manufacturing,Male,36,113781,0,Columbus,2016
110,Director,Finance,Research & Development,Male,42,166599,26,Seattle,2003
113,System Administrator,IT,Manufacturing,Female,44,74738,0,Miami,2006
114,Director,Sales,Research & Development,Female,41,171173,21,Columbus,2018
115,Vice President,Sales,Corporate,Male,61,201464,37,Chicago,2019
116,Director,Human Resources,Corporate,Male,50,174895,15,Chicago,1998
117,Manger,IT,Manufacturing,Female,49,134486,14,Austin,2006
119,Analyst,Marketing,Corporate,Female,42,94430,0,Seattle,2021
121,Enterprise Architect,IT,Manufacturing,Female,55,92771,0,Miami,2005
122,Analyst II,Finance,Speciality Products,Female,39,71531,0,Columbus,2006
123,Cloud Infrastructure Architect,IT,Speciality Products,Male,28,90304,0,Chicago,2019
124,Manager,Marketing,Manufacturing,Female,65,104903,10,Columbus,2011
126,Operations Engineer,Engineering,Corporate,Female,62,79785,0,Austin,2006
128,Systems Analyst,IT,Manufacturing,Female,63,53809,0,Phoenix,1992
131,Manger,IT,Manufacturing,Male,37,128984,12,Miami,2014
133,Director,Human Resources,Manufacturing,Female,54,176294,28,Austin,2018
136,Enterprise Architect,IT,Manufacturing,Male,40,97339,0,Austin,2011
141,Analyst,Marketing,Speciality Products,Female,35,70992,0,Austin,2019
142,Vice President,Engineering,Corporate,Male,33,205314,30,Columbus,2015
145,Technical Architect,IT,Research & Development,Male,51,86431,0,Columbus,2008
147,Manger,Sales,Corporate,Female,46,149712,14,Columbus,2013
148,Field Engineer,Engineering,Speciality Products,Male,30,88758,0,Seattle,2021
150,Network Architect,IT,Research & Development,Female,54,68268,0,Phoenix,1998
152,Analyst,Sales,Speciality Products,Female,49,86658,0,Phoenix,1996
154,Enterprise Architect,IT,Manufacturing,Female,62,82839,0,Miami,2009
155,Network Architect,IT,Speciality Products,Female,28,64475,0,Phoenix,2021
157,Manager,IT,Corporate,Male,32,127148,10,Miami,2014
158,Vice President,Finance,Speciality Products,Female,32,190253,33,Austin,2018
159,Manager,Accounting,Research & Development,Male,55,115798,5,Miami,2000
160,Business Partner,Human Resources,Research & Development,Female,58,93102,0,Seattle,1994
161,Engineering Manager,Engineering,Speciality Products,Male,34,110054,15,Miami,2017
162,Quality Engineer,Engineering,Research & Development,Female,27,95786,0,Chicago,2021
166,Director,Engineering,Speciality Products,Male,30,184368,29,Austin,2018
167,Manger,Finance,Corporate,Male,45,144754,15,Phoenix,2021
168,Account Representative,Sales,Research & Development,Female,30,89458,0,Austin,2016
169,Vice President,Accounting,Corporate,Female,56,190815,40,Austin,2014
170,Manger,Sales,Research & Development,Female,62,137995,14,Austin,1999
173,Vice President,Human Resources,Research & Development,Male,48,197367,39,Austin,2014
174,Director,Accounting,Manufacturing,Female,27,174097,21,Phoenix,2018
175,Manager,IT,Speciality Products,Male,53,120128,10,Austin,2006
176,Manager,Marketing,Manufacturing,Female,59,129708,5,Miami,2007
177,Manager,Marketing,Research & Development,Male,55,102270,10,Chicago,1994
179,Analyst,Finance,Manufacturing,Female,55,50475,0,Columbus,2002
180,Manager,Marketing,Research & Development,Male,51,100099,8,Miami,2020
181,IT Coordinator,IT,Manufacturing,Female,54,41673,0,Miami,2016
183,Analyst,Marketing,Corporate,Male,55,40752,0,Phoenix,2004
190,Business Partner,Human Resources,Manufacturing,Male,33,92610,0,Columbus,2017
191,Manger,Sales,Speciality Products,Male,50,123405,13,Columbus,2003
194,Director,Sales,Corporate,Female,49,160832,30,Phoenix,1998
195,Service Desk Analyst,IT,Manufacturing,Male,54,64417,0,Columbus,2010
199,Service Desk Analyst,IT,Manufacturing,Female,36,91954,0,Columbus,2019
200,Vice President,Marketing,Corporate,Female,30,221217,32,Columbus,2016
201,System Administrator,IT,Manufacturing,Male,29,87536,0,Seattle,2017
202,Analyst,Sales,Corporate,Female,47,41429,0,Seattle,2015
203,Vice President,Engineering,Manufacturing,Male,35,245482,39,Seattle,2011
204,Development Engineer,Engineering,Manufacturing,Female,25,71359,0,Phoenix,2020
205,Director,Engineering,Speciality Products,Male,45,183161,22,Miami,2014
206,Network Administrator,IT,Corporate,Male,58,69260,0,Phoenix,1993
207,Operations Engineer,Engineering,Speciality Products,Male,51,95639,0,Austin,1999
209,Analyst,Sales,Corporate,Male,36,75119,0,Chicago,2021
210,Vice President,Accounting,Research & Development,Male,59,192213,40,Chicago,2011
212,Manger,Sales,Manufacturing,Male,29,151413,15,Seattle,2017
213,Analyst,Accounting,Speciality Products,Male,62,76906,0,Seattle,2003
215,Development Engineer,Engineering,Research & Development,Male,47,99091,0,Austin,1998
217,Analyst,Finance,Corporate,Female,28,95045,0,Chicago,2020
218,Vice President,Marketing,Speciality Products,Female,29,190401,37,Columbus,2017
220,Account Representative,Sales,Speciality Products,Male,45,79882,0,Phoenix,2021
221,Vice President,Engineering,Manufacturing,Female,30,255431,36,Columbus,2018
223,Analyst,Finance,Manufacturing,Female,51,53799,0,Columbus,2017
224,Analyst,Sales,Corporate,Female,28,82739,0,Phoenix,2021
225,Cloud Infrastructure Architect,IT,Manufacturing,Female,36,99080,0,Chicago,2014
227,Director,Human Resources,Research & Development,Female,51,180687,19,Phoenix,2021
228,Engineering Manager,Engineering,Corporate,Male,45,95743,15,Austin,2001
229,Development Engineer,Engineering,Research & Development,Female,44,89695,0,Austin,2009
231,Business Partner,Human Resources,Research & Development,Male,30,93734,0,Phoenix,2015
234,Manager,Finance,Speciality Products,Male,51,125375,9,Chicago,1995
235,Vice President,Accounting,Manufacturing,Male,25,198243,31,Miami,2021
236,Test Engineer,Engineering,Research & Development,Female,42,96023,0,Miami,2017
237,Analyst,Marketing,Research & Development,Female,34,83066,0,Chicago,2012
238,Analyst II,Sales,Research & Development,Female,48,61216,0,Seattle,2014
239,Manger,Accounting,Corporate,Male,33,144231,14,Columbus,2013
242,Test Engineer,Engineering,Manufacturing,Male,36,60055,0,Seattle,2009
244,Vice President,IT,Corporate,Female,53,182202,30,Austin,2008
245,Manager,Sales,Speciality Products,Male,43,117518,7,Seattle,2006
247,Manager,Marketing,Manufacturing,Male,38,126856,6,Columbus,2008
249,Director,Sales,Research & Development,Female,45,165181,16,Seattle,2002
254,Enterprise Architect,IT,Corporate,Female,39,73317,0,Miami,2018
255,Service Desk Analyst,IT,Speciality Products,Female,40,69096,0,Seattle,2013
257,Test Engineer,Engineering,Corporate,Male,64,70778,0,Austin,1992
258,Director,Human Resources,Speciality Products,Female,65,153938,20,Phoenix,2004
260,Test Engineer,Engineering,Corporate,Male,50,63098,0,Columbus,2018
262,Manger,Human Resources,Manufacturing,Female,55,142318,14,Chicago,2004
263,Business Partner,Human Resources,Manufacturing,Male,41,49186,0,Austin,2004
264,Vice President,Human Resources,Research & Development,Female,34,220937,38,Austin,2019
265,Director,IT,Speciality Products,Female,47,183156,30,Seattle,2012
266,Vice President,IT,Speciality Products,Female,32,192749,31,Chicago,2020
267,Manger,IT,Manufacturing,Female,39,135325,14,Phoenix,2017
268,Analyst,Sales,Speciality Products,Female,26,79356,0,Phoenix,2019
269,Development Engineer,Engineering,Manufacturing,Male,40,74412,0,Seattle,2005
271,Director,Accounting,Research & Development,Female,58,173071,29,Columbus,2003
272,Field Engineer,Engineering,Research & Development,Female,58,70189,0,Columbus,1995
273,Vice President,Sales,Research & Development,Female,42,181452,30,Columbus,2013
274,HRIS Analyst,Human Resources,Speciality Products,Male,26,70369,0,Seattle,2021
276,Director,Finance,Research & Development,Male,64,189933,23,Miami,1996
277,Automation Engineer,Engineering,Speciality Products,Male,38,78237,0,Phoenix,2010
280,Analyst,Sales,Corporate,Male,43,94246,0,Austin,2004
281,Systems Analyst,IT,Manufacturing,Female,34,44614,0,Miami,2016
288,Analyst,Accounting,Corporate,Female,41,70165,0,Columbus,2016
289,Manger,Marketing,Speciality Products,Male,30,148485,15,Miami,2020
290,Technical Architect,IT,Manufacturing,Female,58,86089,0,Chicago,2005
291,Engineering Manager,Engineering,Research & Development,Male,54,106313,15,Chicago,2007
297,Analyst,Accounting,Speciality Products,Male,27,74077,0,Seattle,2021
298,Manager,Human Resources,Manufacturing,Female,31,104162,7,Austin,2021
301,Test Engineer,Engineering,Research & Development,Female,55,73248,0,Columbus,2013
302,Analyst,Accounting,Manufacturing,Male,51,91853,0,Chicago,2020
303,Director,Finance,Speciality Products,Male,25,168014,27,Chicago,2020
304,Development Engineer,Engineering,Corporate,Female,37,70770,0,Miami,2017
305,HRIS Analyst,Human Resources,Corporate,Male,62,50825,0,Seattle,2004
307,Manger,Human Resources,Research & Development,Female,64,125807,15,Chicago,2003
308,Analyst,Sales,Speciality Products,Male,25,46845,0,Miami,2021
310,Solutions Architect,IT,Corporate,Female,40,97807,0,Chicago,2010
311,HRIS Analyst,Human Resources,Manufacturing,Male,31,73854,0,Seattle,2015
312,Manger,Accounting,Manufacturing,Male,45,149537,14,Seattle,2006
313,Manger,Sales,Manufacturing,Female,49,128303,15,Phoenix,2013
314,Network Architect,IT,Speciality Products,Male,46,67374,0,Austin,2005
317,Manager,Accounting,Speciality Products,Male,40,120905,5,Seattle,2018
318,Vice President,Finance,Manufacturing,Female,48,231567,36,Seattle,2018
319,Vice President,IT,Research & Development,Male,31,215388,33,Miami,2015
320,Manger,Sales,Speciality Products,Female,30,127972,11,Seattle,2015
321,Operations Engineer,Engineering,Corporate,Female,55,80701,0,Chicago,1995
323,Quality Engineer,Engineering,Corporate,Female,45,88045,0,Chicago,2019
324,Computer Systems Manager,IT,Speciality Products,Female,45,86478,6,Austin,2018
325,Vice President,Engineering,Manufacturing,Male,63,180994,39,Seattle,2016
326,Analyst II,Finance,Research & Development,Female,55,64494,0,Columbus,2007
327,Account Representative,Sales,Manufacturing,Male,47,70122,0,Columbus,2002
328,Director,Accounting,Manufacturing,Male,29,181854,29,Seattle,2017
329,Business Partner,Human Resources,Speciality Products,Female,34,52811,0,Miami,2016
331,Network Administrator,IT,Manufacturing,Male,31,71192,0,Austin,2016
332,Director,Sales,Manufacturing,Female,50,155351,20,Seattle,2018
335,Network Architect,IT,Manufacturing,Male,54,87216,0,Miami,1994
336,Systems Analyst,IT,Corporate,Male,47,50069,0,Seattle,2020
337,Director,IT,Speciality Products,Female,26,151108,22,Phoenix,2021
338,Computer Systems Manager,IT,Manufacturing,Female,42,67398,7,Phoenix,2005
339,Development Engineer,Engineering,Research & Development,Female,47,68488,0,Seattle,2015
340,Quality Engineer,Engineering,Manufacturing,Female,60,92932,0,Columbus,1998
341,Analyst,Finance,Corporate,Female,36,43363,0,Austin,2009
344,Vice President,Engineering,Research & Development,Female,51,200246,34,Columbus,1996
345,Vice President,IT,Corporate,Female,48,194871,35,Columbus,2015
348,Technical Architect,IT,Manufacturing,Female,25,83934,0,Miami,2021
349,Director,Accounting,Research & Development,Male,36,150399,28,Chicago,2016
351,Business Partner,Human Resources,Speciality Products,Male,57,54051,0,Miami,1997
353,Analyst II,Marketing,Speciality Products,Male,37,69570,0,Miami,2013
355,HRIS Analyst,Human Resources,Manufacturing,Male,49,57606,0,Miami,2001
357,System Administrator,IT,Research & Development,Female,51,64170,0,Columbus,2012
358,Business Partner,Human Resources,Speciality Products,Male,56,72303,0,Phoenix,1998
359,Manager,Sales,Research & Development,Male,36,105891,7,Seattle,2012
360,Vice President,Marketing,Speciality Products,Male,38,255230,36,Austin,2021
363,Analyst II,Finance,Speciality Products,Female,53,58605,0,Phoenix,2002
364,Director,Engineering,Corporate,Female,60,178502,20,Austin,2017
368,Analyst II,Finance,Manufacturing,Male,30,54714,0,Columbus,2019
372,Network Architect,IT,Manufacturing,Female,65,60985,0,Seattle,2018
375,Director,Engineering,Manufacturing,Male,53,168510,29,Seattle,2012
379,Enterprise Architect,IT,Research & Development,Male,62,80921,0,Columbus,2001
380,Engineering Manager,Engineering,Research & Development,Female,61,98110,13,Chicago,2010
381,Network Architect,IT,Speciality Products,Female,59,86831,0,Phoenix,2017
383,Director,Marketing,Manufacturing,Female,64,171217,19,Seattle,2011
384,Manager,IT,Research & Development,Female,57,103058,7,Columbus,2020
385,Manager,Sales,Speciality Products,Male,52,117062,7,Phoenix,2014
386,Manger,Accounting,Speciality Products,Male,40,159031,10,Miami,2019
388,System Administrator,IT,Speciality Products,Male,43,67976,0,Seattle,2016
389,Analyst II,Finance,Speciality Products,Male,31,74215,0,Phoenix,2021
391,Manger,Human Resources,Speciality Products,Female,41,131841,13,Columbus,2008
393,Manger,Finance,Corporate,Female,41,155004,12,Austin,2004
394,Systems Analyst,IT,Manufacturing,Male,40,41859,0,Seattle,2007
395,IT Coordinator,IT,Manufacturing,Male,42,52733,0,Chicago,2006
396,Vice President,Human Resources,Corporate,Male,31,250953,34,Columbus,2015
399,Manger,IT,Corporate,Male,46,130274,11,Chicago,2004
401,Manger,Finance,Research & Development,Female,51,150758,13,Chicago,2006
403,Solutions Architect,IT,Corporate,Male,55,62174,0,Chicago,1998
404,Analyst II,Accounting,Manufacturing,Male,43,56555,0,Phoenix,2017
405,Analyst II,Marketing,Manufacturing,Male,48,74655,0,Austin,2005
406,System Administrator,IT,Corporate,Male,48,93017,0,Seattle,2003
408,Automation Engineer,Engineering,Research & Development,Female,46,91621,0,Chicago,2008
409,Analyst,Marketing,Research & Development,Male,33,91280,0,Miami,2014
410,Business Partner,Human Resources,Manufacturing,Female,42,47071,0,Columbus,2020
411,IT Systems Architect,IT,Manufacturing,Female,55,81218,0,Chicago,2011
413,Account Representative,Sales,Manufacturing,Female,26,63137,0,Chicago,2021
415,Quality Engineer,Engineering,Research & Development,Female,50,79388,0,Austin,2013
416,Solutions Architect,IT,Manufacturing,Female,28,68176,0,Seattle,2018
417,Manger,Finance,Research & Development,Female,39,122829,11,Chicago,2019
420,Analyst,Sales,Research & Development,Male,52,99624,0,Seattle,1994
421,Manager,Sales,Speciality Products,Female,55,108686,6,Columbus,2012
423,Operations Engineer,Engineering,Manufacturing,Male,47,120628,0,Chicago,2001
424,Director,Sales,Speciality Products,Female,63,181216,27,Columbus,2020
425,Analyst,Finance,Corporate,Female,63,46081,0,Chicago,2012
426,Manger,Accounting,Corporate,Female,55,159885,12,Columbus,2004
427,Director,Sales,Manufacturing,Female,55,153271,15,Austin,1995
428,Manager,Human Resources,Manufacturing,Male,42,114242,8,Phoenix,2009
430,Development Engineer,Engineering,Manufacturing,Male,35,65566,0,Seattle,2017
433,Analyst,Sales,Corporate,Male,47,54635,0,Chicago,2013
434,Cloud Infrastructure Architect,IT,Corporate,Female,42,96636,0,Columbus,2020
435,System Administrator,IT,Manufacturing,Female,35,91592,0,Chicago,2014
438,Vice President,Marketing,Corporate,Male,57,183190,36,Chicago,2017
439,Analyst,Accounting,Speciality Products,Female,56,54829,0,Phoenix,2019
441,Manager,Marketing,Speciality Products,Female,43,117278,9,Miami,2006
443,Network Administrator,IT,Manufacturing,Female,47,87806,0,Seattle,2018
444,Test Engineer,Engineering,Research & Development,Male,62,63959,0,Seattle,2011
447,Analyst,Finance,Manufacturing,Male,55,77396,0,Miami,2002
448,Analyst,Finance,Speciality Products,Female,63,89523,0,Phoenix,1999
450,Vice President,Sales,Manufacturing,Female,54,222224,38,Columbus,2000
451,Manger,Finance,Research & Development,Male,43,146140,15,Seattle,2021
452,Engineering Manager,Engineering,Speciality Products,Female,64,109456,10,Chicago,1994
454,Computer Systems Manager,IT,Research & Development,Female,42,97433,5,Seattle,2006
458,Analyst,Marketing,Corporate,Female,32,88895,0,Chicago,2013
460,Business Partner,Human Resources,Research & Development,Male,35,43336,0,Austin,2011
462,Network Administrator,IT,Corporate,Male,54,76352,0,Austin,2000
463,Vice President,Finance,Corporate,Male,28,250767,38,Seattle,2019
464,Vice President,Marketing,Corporate,Male,26,223055,30,Columbus,2020
466,Test Engineer,Engineering,Manufacturing,Male,57,71167,0,Columbus,2018
467,Technical Architect,IT,Speciality Products,Female,59,76027,0,Seattle,2010
469,Analyst II,Accounting,Manufacturing,Male,30,67753,0,Phoenix,2020
470,Computer Systems Manager,IT,Corporate,Male,31,63744,8,Austin,2016
472,Manger,Sales,Corporate,Male,51,157487,12,Phoenix,2000
474,Network Administrator,IT,Research & Development,Male,45,90770,0,Columbus,2010
475,Analyst,Sales,Speciality Products,Female,64,55369,0,Phoenix,2005
477,Director,Accounting,Speciality Products,Male,41,167526,26,Miami,2013
482,Vice President,Sales,Speciality Products,Male,47,253249,31,Austin,2016
484,Vice President,IT,Corporate,Male,38,249870,34,Chicago,2016
487,System Administrator,IT,Manufacturing,Female,42,72486,0,Seattle,2011
491,Business Partner,Human Resources,Manufacturing,Female,58,43001,0,Austin,2010
492,Computer Systems Manager,IT,Manufacturing,Male,60,85120,9,Seattle,1998
493,Business Partner,Human Resources,Manufacturing,Male,34,52200,0,Columbus,2015
494,Manger,Human Resources,Corporate,Female,60,150855,11,Phoenix,2008
495,Enterprise Architect,IT,Manufacturing,Female,53,65702,0,Columbus,2004
497,Manger,Marketing,Research & Development,Female,25,157057,10,Columbus,2020
498,Manager,IT,Research & Development,Male,46,127559,10,Austin,2021
499,Field Engineer,Engineering,Corporate,Female,39,62644,0,Seattle,2019
501,Analyst,Accounting,Manufacturing,Female,56,90040,0,Chicago,2018
503,Vice President,Human Resources,Speciality Products,Female,45,201396,32,Miami,2021
505,System Administrator,IT,Corporate,Male,28,65341,0,Miami,2019
506,Manger,Finance,Corporate,Female,59,139208,11,Austin,2018
508,Manager,Accounting,Speciality Products,Female,46,102636,6,Seattle,2010
510,IT Coordinator,IT,Research & Development,Male,45,49219,0,Columbus,2018
513,Director,Human Resources,Manufacturing,Male,50,172180,30,Columbus,2021
516,Manager,Finance,Corporate,Female,48,102847,5,Chicago,1999
519,Vice President,IT,Manufacturing,Male,56,228822,36,Miami,2006
520,Analyst,Marketing,Manufacturing,Male,28,43391,0,Columbus,2021
522,Vice President,Marketing,Corporate,Female,45,211637,31,Chicago,2016
523,Computer Systems Manager,IT,Manufacturing,Male,28,73255,9,Phoenix,2020
524,Manager,Sales,Corporate,Male,28,108826,10,Miami,2021
525,Solutions Architect,IT,Speciality Products,Male,34,94352,0,Miami,2016
526,IT Systems Architect,IT,Research & Development,Female,55,73955,0,Phoenix,1994
528,Network Administrator,IT,Manufacturing,Male,27,92321,0,Chicago,2020
529,Computer Systems Manager,IT,Research & Development,Male,52,99557,9,Seattle,2013
530,Automation Engineer,Engineering,Speciality Products,Female,28,115854,0,Phoenix,2018
531,IT Systems Architect,IT,Manufacturing,Female,44,82462,0,Austin,2011
532,Vice President,IT,Research & Development,Female,53,198473,32,Miami,2011
533,Manger,Finance,Corporate,Female,43,153492,11,Chicago,2006
534,Vice President,Human Resources,Corporate,Female,28,208210,30,Seattle,2018
535,Analyst,Marketing,Corporate,Male,33,91632,0,Phoenix,2015
542,Manager,Accounting,Speciality Products,Female,31,114911,7,Chicago,2014
543,Engineering Manager,Engineering,Corporate,Male,45,115490,12,Chicago,2018
545,Director,Accounting,Speciality Products,Female,29,197649,20,Columbus,2017
547,Analyst II,Finance,Speciality Products,Female,52,61026,0,Phoenix,2019
548,Controls Engineer,Engineering,Speciality Products,Female,48,96693,0,Chicago,2014
549,Test Engineer,Engineering,Speciality Products,Female,48,82907,0,Seattle,2009
551,Quality Engineer,Engineering,Research & Development,Male,41,94658,0,Miami,2012
553,HRIS Analyst,Human Resources,Manufacturing,Male,45,51983,0,Columbus,2015
556,Manger,Finance,Corporate,Female,55,144986,12,Phoenix,2017
557,Account Representative,Sales,Speciality Products,Female,45,60113,0,Chicago,2000
559,Analyst II,Marketing,Manufacturing,Female,33,68846,0,Chicago,2020
560,Solutions Architect,IT,Corporate,Female,59,90901,0,Seattle,2014
561,Manager,Accounting,Corporate,Female,50,102033,8,Austin,2012
562,Director,Sales,Manufacturing,Female,61,151783,26,Seattle,2021
563,Director,Engineering,Corporate,Female,27,170164,17,Austin,2018
564,Manger,Marketing,Speciality Products,Female,35,155905,14,Phoenix,2014
565,Analyst,Sales,Corporate,Male,40,50733,0,Miami,2016
566,Business Partner,Human Resources,Corporate,Female,30,88663,0,Phoenix,2017
568,Analyst II,Sales,Speciality Products,Male,55,67130,0,Miami,2021
569,Analyst,Finance,Speciality Products,Female,33,94876,0,Miami,2015
570,Development Engineer,Engineering,Speciality Products,Male,62,98230,0,Miami,1994
571,Test Engineer,Engineering,Research & Development,Female,36,96757,0,Columbus,2018
572,Analyst II,Marketing,Manufacturing,Male,35,51513,0,Columbus,2020
573,Vice President,Marketing,Corporate,Male,60,234311,37,Miami,2007
574,Manger,Human Resources,Speciality Products,Female,45,152353,14,Seattle,2011
575,Manger,Accounting,Speciality Products,Female,48,124774,12,Phoenix,2010
577,Manger,Finance,Speciality Products,Male,44,130133,15,Austin,2019
587,Operations Engineer,Engineering,Research & Development,Female,30,77442,0,Columbus,2015
589,Service Desk Analyst,IT,Manufacturing,Male,55,70334,0,Miami,2013
590,Quality Engineer,Engineering,Research & Development,Male,59,78006,0,Miami,2009
591,Director,IT,Manufacturing,Female,28,160385,23,Miami,2021
592,Vice President,Finance,Corporate,Female,36,202323,39,Chicago,2014
594,Director,Finance,Speciality Products,Female,34,184960,18,Seattle,2020
595,Vice President,IT,Manufacturing,Male,37,221592,31,Columbus,2011
596,HRIS Analyst,Human Resources,Manufacturing,Female,44,53301,0,Seattle,2009
597,Cloud Infrastructure Architect,IT,Corporate,Male,45,91276,0,Seattle,2000
598,Manger,Human Resources,Research & Development,Female,52,140042,13,Austin,2017
599,Analyst,Accounting,Manufacturing,Female,40,57225,0,Columbus,2018
600,Manager,Human Resources,Speciality Products,Female,55,102839,5,Miami,2010
601,Director,Marketing,Research & Development,Male,29,199783,21,Chicago,2021
603,Manager,Marketing,Corporate,Male,51,104431,7,Phoenix,1997
604,Business Partner,Human Resources,Speciality Products,Male,28,48510,0,Chicago,2021
605,Quality Engineer,Engineering,Speciality Products,Male,27,70110,0,Miami,2019
608,Manger,Finance,Research & Development,Female,45,149761,12,Columbus,2016
610,Manager,Sales,Speciality Products,Male,33,119631,6,Phoenix,2013
611,Vice President,IT,Research & Development,Male,26,256561,39,Austin,2020
612,Solutions Architect,IT,Speciality Products,Female,45,66958,0,Miami,2020
614,Technical Architect,IT,Corporate,Male,37,71695,0,Phoenix,2008
617,Analyst,Sales,Speciality Products,Female,33,46878,0,Miami,2014
618,Analyst,Marketing,Speciality Products,Female,64,57032,0,Miami,2003
621,Analyst,Finance,Manufacturing,Female,55,48266,0,Chicago,2021
622,Vice President,Finance,Research & Development,Male,36,223404,32,Columbus,2018
623,System Administrator,IT,Speciality Products,Female,57,74854,0,Seattle,2014
624,Vice President,Accounting,Speciality Products,Female,48,217783,36,Seattle,2007
626,Analyst II,Finance,Manufacturing,Female,41,50685,0,Columbus,2007
627,Analyst II,Sales,Research & Development,Male,34,58993,0,Austin,2018
628,Operations Engineer,Engineering,Corporate,Male,47,115765,0,Miami,2020
629,Director,Accounting,Manufacturing,Female,63,193044,15,Miami,2007
630,Analyst,Marketing,Research & Development,Female,65,56686,0,Seattle,2011
631,Manger,Finance,Manufacturing,Female,33,131652,11,Seattle,2019
632,Director,Marketing,Manufacturing,Female,45,150577,25,Miami,2008
635,Solutions Architect,IT,Manufacturing,Male,43,86417,0,Chicago,2017
636,System Administrator,IT,Research & Development,Female,65,96548,0,Austin,2003
638,Analyst II,Accounting,Speciality Products,Male,28,61410,0,Phoenix,2018
639,Manager,Finance,Speciality Products,Female,61,110302,6,Miami,2010
640,Director,Engineering,Speciality Products,Female,45,187205,24,Columbus,2018
641,Analyst,Sales,Corporate,Male,45,81687,0,Phoenix,2011
642,Vice President,IT,Speciality Products,Male,54,241083,39,Columbus,2009
643,Vice President,Finance,Speciality Products,Female,38,223805,36,Chicago,2018
644,Director,Accounting,Corporate,Female,27,161759,16,Miami,2021
645,Computer Systems Manager,IT,Research & Development,Male,40,95899,10,Columbus,2019
646,Analyst,Finance,Corporate,Male,49,80700,0,Columbus,2019
648,Analyst II,Marketing,Corporate,Female,39,58745,0,Austin,2017
649,Technical Architect,IT,Corporate,Female,57,76202,0,Austin,1992
650,Vice President,Sales,Speciality Products,Male,36,195200,36,Austin,2018
652,Cloud Infrastructure Architect,IT,Manufacturing,Female,30,94652,0,Seattle,2020
653,Technical Architect,IT,Manufacturing,Male,34,63411,0,Miami,2016
656,Controls Engineer,Engineering,Manufacturing,Female,55,95562,0,Chicago,2021
657,Analyst,Sales,Research & Development,Male,30,96092,0,Austin,2019
658,Vice President,Engineering,Manufacturing,Male,63,254289,39,Chicago,2013
659,Computer Systems Manager,IT,Research & Development,Male,26,69110,5,Chicago,2019
660,Vice President,Marketing,Speciality Products,Male,52,236314,34,Miami,2002
661,Analyst,Marketing,Corporate,Male,51,45206,0,Columbus,2007
662,Vice President,Finance,Research & Development,Female,25,210708,33,Chicago,2021
663,System Administrator,IT,Corporate,Male,40,87770,0,Austin,2021
664,Manager,Accounting,Corporate,Female,38,106858,5,Seattle,2015
665,Director,Human Resources,Corporate,Male,60,155788,17,Seattle,2015
667,Controls Engineer,Engineering,Corporate,Male,28,95670,0,Phoenix,2021
668,Account Representative,Sales,Research & Development,Female,65,67837,0,Austin,2000
670,Analyst,Sales,Corporate,Female,52,93103,0,Phoenix,1994
671,Controls Engineer,Engineering,Corporate,Female,56,76272,0,Miami,2015
672,Analyst II,Finance,Manufacturing,Female,48,55760,0,Austin,2003
673,Vice President,Accounting,Corporate,Female,36,253294,40,Miami,2020
674,Analyst II,Finance,Corporate,Male,60,58671,0,Columbus,2007
675,Account Representative,Sales,Research & Development,Female,40,55457,0,Columbus,2018
676,Account Representative,Sales,Manufacturing,Female,63,72340,0,Phoenix,2017
677,Manager,Marketing,Corporate,Female,29,122054,6,Phoenix,2016
679,Technical Architect,IT,Corporate,Female,53,78153,0,Miami,1997
680,Manager,Finance,Manufacturing,Female,37,103524,9,Phoenix,2020
681,Manager,IT,Corporate,Male,30,119906,5,Columbus,2017
682,Analyst,Marketing,Speciality Products,Female,28,45061,0,Miami,2020
683,IT Systems Architect,IT,Corporate,Male,51,91399,0,Seattle,2003
684,Enterprise Architect,IT,Research & Development,Male,28,97336,0,Austin,2017
685,Manger,Accounting,Corporate,Female,31,124629,10,Columbus,2017
686,Vice President,Human Resources,Speciality Products,Female,28,231850,39,Miami,2021
687,Manager,Accounting,Research & Development,Male,34,128329,8,Phoenix,2018
689,Manger,Marketing,Manufacturing,Male,60,121480,14,Phoenix,2021
690,Director,Human Resources,Speciality Products,Female,41,153275,24,Columbus,2010
691,Analyst,Sales,Research & Development,Female,62,97830,0,Austin,2020
692,Vice President,Marketing,Corporate,Female,47,239394,32,Austin,1999
694,Analyst,Accounting,Manufacturing,Female,33,45049,0,Seattle,2018
698,Vice President,Finance,Corporate,Female,54,183239,32,Seattle,2007
699,Analyst,Accounting,Manufacturing,Female,28,45819,0,Miami,2019
700,Analyst,Accounting,Research & Development,Female,54,55518,0,Columbus,2006
702,Manager,Marketing,Research & Development,Female,55,113950,9,Miami,1992
703,Vice President,Marketing,Speciality Products,Female,52,182035,30,Chicago,1998
705,Account Representative,Sales,Corporate,Female,26,66084,0,Seattle,2019
707,Test Engineer,Engineering,Research & Development,Female,63,67987,0,Miami,2018
708,Analyst II,Marketing,Manufacturing,Male,65,59833,0,Columbus,2005
709,Manger,Marketing,Speciality Products,Male,45,128468,11,Chicago,2005
710,Manager,Sales,Corporate,Male,42,102440,6,Chicago,2011
711,Vice President,IT,Speciality Products,Male,59,246619,36,Miami,2010
712,Manager,Human Resources,Corporate,Female,42,101143,6,Miami,2017
714,Field Engineer,Engineering,Speciality Products,Male,45,87292,0,Columbus,2015
716,Systems Analyst,IT,Corporate,Male,51,53929,0,Miami,2014
717,Vice President,Accounting,Manufacturing,Female,38,191571,32,Austin,2012
718,Manger,Accounting,Corporate,Female,62,150555,13,Phoenix,2009
720,Vice President,Finance,Research & Development,Male,52,216999,37,Miami,1997
722,IT Coordinator,IT,Speciality Products,Male,38,48762,0,Seattle,2015
724,Director,Marketing,Speciality Products,Male,32,177443,16,Seattle,2016
725,Enterprise Architect,IT,Research & Development,Female,36,75862,0,Austin,2016
726,Business Partner,Human Resources,Research & Development,Female,45,90870,0,Chicago,2019
727,Engineering Manager,Engineering,Corporate,Female,32,99202,11,Phoenix,2014
729,Solutions Architect,IT,Corporate,Male,54,63196,0,Chicago,1992
731,Vice President,Marketing,Corporate,Male,45,202680,32,Phoenix,2015
734,Director,Sales,Manufacturing,Female,61,159567,28,Phoenix,1997
736,Vice President,Human Resources,Corporate,Male,62,234594,33,Seattle,2002
737,Systems Analyst,IT,Speciality Products,Male,48,43080,0,Austin,2002
738,Manager,Marketing,Manufacturing,Female,29,129541,8,Phoenix,2021
739,Director,Sales,Research & Development,Male,39,165756,28,Columbus,2013
740,Manger,Finance,Speciality Products,Male,44,142878,12,Columbus,2010
741,Director,Engineering,Manufacturing,Male,52,187992,28,Miami,2006
743,Network Administrator,IT,Research & Development,Male,48,76505,0,Seattle,2006
746,Vice President,Accounting,Speciality Products,Male,41,235619,30,Seattle,2013
748,Network Engineer,IT,Research & Development,Male,48,68987,0,Chicago,2005
749,Director,Engineering,Speciality Products,Male,41,155926,24,Columbus,2007
750,Analyst,Accounting,Speciality Products,Male,54,93668,0,Chicago,2016
751,HRIS Analyst,Human Resources,Research & Development,Male,38,69647,0,Miami,2019
752,System Administrator,IT,Corporate,Male,57,63318,0,Columbus,2003
755,Enterprise Architect,IT,Research & Development,Female,49,88777,0,Chicago,2014
757,Quality Engineer,Engineering,Research & Development,Female,45,60017,0,Chicago,2015
762,Manager,Human Resources,Manufacturing,Male,64,104668,8,Columbus,1992
763,Analyst,Sales,Manufacturing,Female,53,89769,0,Seattle,2017
764,Manager,Sales,Corporate,Female,27,127616,7,Columbus,2018
765,Manager,Human Resources,Corporate,Male,45,109883,7,Columbus,2012
767,Manger,IT,Speciality Products,Female,43,120321,12,Austin,2015
768,IT Coordinator,IT,Manufacturing,Female,61,57446,0,Phoenix,2014
769,Director,Accounting,Research & Development,Female,42,174099,26,Austin,2009
770,Manger,Finance,Manufacturing,Male,63,128703,13,Austin,2002
771,Field Engineer,Engineering,Corporate,Female,32,65247,0,Phoenix,2015
773,Manager,Human Resources,Research & Development,Female,33,118253,8,Austin,2012
775,Manager,Human Resources,Corporate,Male,41,126950,10,Chicago,2019
776,Enterprise Architect,IT,Manufacturing,Female,36,97500,0,Miami,2014
779,Account Representative,Sales,Manufacturing,Female,37,64204,0,Columbus,2015
781,Account Representative,Sales,Speciality Products,Female,60,71677,0,Columbus,1997
782,IT Coordinator,IT,Speciality Products,Male,61,40063,0,Miami,2000
783,IT Coordinator,IT,Manufacturing,Female,55,40124,0,Austin,2004
784,Automation Engineer,Engineering,Manufacturing,Male,57,103183,0,Austin,2018
785,System Administrator,IT,Corporate,Male,54,95239,0,Phoenix,1998
786,Development Engineer,Engineering,Manufacturing,Female,29,75012,0,Chicago,2019
788,Analyst,Marketing,Corporate,Female,39,40897,0,Seattle,2014
791,Business Partner,Human Resources,Corporate,Male,46,75579,0,Seattle,2007
794,Analyst II,Sales,Research & Development,Male,37,57531,0,Chicago,2010
795,Analyst,Finance,Research & Development,Male,46,55894,0,Seattle,2011
796,Field Engineer,Engineering,Manufacturing,Female,42,72903,0,Phoenix,2012
798,Manager,Finance,Speciality Products,Male,60,106578,9,Miami,2010
799,Business Partner,Human Resources,Research & Development,Female,52,92994,0,Chicago,1999
801,Cloud Infrastructure Architect,IT,Research & Development,Male,48,99335,0,Phoenix,2010
802,Manger,Human Resources,Manufacturing,Male,42,131179,15,Columbus,2013
804,Vice President,Accounting,Manufacturing,Male,64,252325,40,Columbus,2013
805,Analyst II,Finance,Research & Development,Female,30,52697,0,Seattle,2015
807,Vice President,Accounting,Corporate,Female,47,243568,33,Austin,2021
808,Director,Sales,Research & Development,Male,49,199176,24,Phoenix,2001
809,Technical Architect,IT,Speciality Products,Female,56,82806,0,Seattle,1996
810,Director,Marketing,Speciality Products,Female,53,164399,25,Seattle,1997
811,Manger,Human Resources,Manufacturing,Female,32,154956,13,Phoenix,2017
812,Manger,Marketing,Manufacturing,Male,32,143970,12,Seattle,2017
814,Analyst,Accounting,Speciality Products,Female,38,89390,0,Seattle,2020
815,Network Architect,IT,Manufacturing,Male,41,67468,0,Miami,2017
817,Analyst,Finance,Manufacturing,Female,35,74779,0,Phoenix,2019
818,Network Engineer,IT,Corporate,Female,29,63985,0,Miami,2017
819,Solutions Architect,IT,Manufacturing,Female,64,77903,0,Seattle,2004
820,Director,Marketing,Corporate,Male,33,164396,29,Columbus,2017
821,IT Systems Architect,IT,Corporate,Male,29,71234,0,Seattle,2021
823,Manager,Human Resources,Speciality Products,Female,32,101870,10,Phoenix,2017
827,Analyst,Finance,Manufacturing,Male,56,41561,0,Austin,2006
830,Manger,Sales,Manufacturing,Female,49,157057,12,Miami,1996
831,Enterprise Architect,IT,Speciality Products,Female,61,64462,0,Chicago,2005
832,Quality Engineer,Engineering,Corporate,Female,41,79352,0,Seattle,2005
833,Manger,Marketing,Speciality Products,Female,55,157812,11,Miami,2001
834,Quality Engineer,Engineering,Corporate,Male,27,80745,0,Chicago,2018
835,System Administrator,IT,Manufacturing,Female,57,75354,0,Austin,1996
836,Engineering Manager,Engineering,Research & Development,Male,56,78938,14,Phoenix,2018
837,Operations Engineer,Engineering,Corporate,Male,59,96313,0,Austin,2008
838,Director,Engineering,Speciality Products,Male,45,153767,27,Phoenix,2010
839,Manager,Marketing,Research & Development,Female,42,103423,6,Columbus,2015
842,Manager,Human Resources,Speciality Products,Female,33,105390,6,Columbus,2013
844,Solutions Architect,IT,Speciality Products,Female,45,66660,0,Austin,2017
845,Manager,Human Resources,Speciality Products,Male,59,101985,7,Miami,2015
846,Vice President,Finance,Corporate,Male,29,199504,30,Austin,2018
849,Analyst,Accounting,Speciality Products,Male,62,94422,0,Phoenix,2011
850,Director,Sales,Corporate,Male,31,191026,16,Columbus,2015
852,Business Partner,Human Resources,Research & Development,Female,56,52800,0,Phoenix,2009
853,Operations Engineer,Engineering,Speciality Products,Male,54,113982,0,Seattle,2010
858,Manger,Human Resources,Corporate,Male,45,145093,12,Chicago,2010
859,IT Systems Architect,IT,Speciality Products,Female,26,74170,0,Austin,2021
860,Field Engineer,Engineering,Research & Development,Male,59,62605,0,Austin,1996
861,Manager,IT,Speciality Products,Female,51,107195,9,Austin,2020
862,Manger,Marketing,Speciality Products,Male,45,127422,15,Columbus,2018
863,Director,Accounting,Research & Development,Female,35,161269,27,Miami,2017
867,Enterprise Architect,IT,Speciality Products,Male,61,75780,0,Seattle,2019
869,Engineering Manager,Engineering,Research & Development,Male,60,106079,14,Austin,2018
870,Cloud Infrastructure Architect,IT,Corporate,Male,30,92058,0,Austin,2017
871,Field Engineer,Engineering,Manufacturing,Male,64,67114,0,Phoenix,2019
873,HRIS Analyst,Human Resources,Manufacturing,Female,61,64937,0,Phoenix,2011
874,Manager,Marketing,Manufacturing,Female,65,127626,10,Miami,2006
875,Network Architect,IT,Corporate,Male,61,88478,0,Austin,2004
879,Manger,Sales,Speciality Products,Female,30,154624,15,Austin,2017
882,Manger,Sales,Research & Development,Male,53,159538,11,Miami,2014
884,Director,Marketing,Speciality Products,Male,25,172007,26,Miami,2020
886,Director,Finance,Corporate,Male,41,174415,23,Miami,2019
888,HRIS Analyst,Human Resources,Speciality Products,Male,25,67299,0,Phoenix,2021
889,Systems Analyst,IT,Research & Development,Female,52,45286,0,Chicago,2005
890,Director,Marketing,Research & Development,Male,48,194723,25,Phoenix,2007
893,Network Administrator,IT,Manufacturing,Female,36,61310,0,Phoenix,2010
895,Business Partner,Human Resources,Speciality Products,Female,31,47913,0,Seattle,2018
896,Business Partner,Human Resources,Speciality Products,Female,53,46727,0,Columbus,2017
897,Manger,Human Resources,Speciality Products,Male,27,133400,11,Phoenix,2021
898,Solutions Architect,IT,Speciality Products,Female,39,90535,0,Miami,2020
900,HRIS Analyst,Human Resources,Corporate,Female,44,63705,0,Miami,2006
901,Vice President,Sales,Corporate,Male,48,258081,30,Chicago,2000
902,Business Partner,Human Resources,Research & Development,Male,48,54654,0,Phoenix,2020
903,Analyst,Sales,Manufacturing,Male,54,58006,0,Seattle,1998
905,Director,Human Resources,Speciality Products,Female,38,198562,22,Seattle,2007
906,Account Representative,Sales,Research & Development,Female,40,62411,0,Miami,2009
907,Engineering Manager,Engineering,Research & Development,Male,57,111299,12,Miami,1992
908,Analyst,Marketing,Research & Development,Female,43,41545,0,Miami,2019
909,Network Engineer,IT,Manufacturing,Male,26,74467,0,Columbus,2019
911,Manager,Human Resources,Speciality Products,Male,50,117226,8,Phoenix,2012
912,Analyst,Accounting,Corporate,Female,26,55767,0,Phoenix,2019
913,Analyst II,Sales,Manufacturing,Female,29,60930,0,Austin,2016
915,Cloud Infrastructure Architect,IT,Manufacturing,Female,33,69332,0,Columbus,2017
919,Account Representative,Sales,Corporate,Male,38,74010,0,Chicago,2011
920,Account Representative,Sales,Speciality Products,Male,32,96598,0,Phoenix,2020
921,Manager,Sales,Speciality Products,Female,64,106444,5,Phoenix,2003
922,Director,Finance,Corporate,Male,31,156931,28,Seattle,2017
924,Enterprise Architect,IT,Research & Development,Female,45,64505,0,Miami,2009
927,Manger,Human Resources,Speciality Products,Female,25,155080,10,Austin,2021
928,Analyst,Sales,Speciality Products,Male,31,81828,0,Miami,2018
931,Manger,IT,Manufacturing,Male,46,136716,12,Austin,2017
932,Manger,Sales,Speciality Products,Male,54,122644,12,Austin,2011
933,Manager,Sales,Research & Development,Female,50,106428,7,Chicago,2000
934,Vice President,Finance,Corporate,Male,36,238236,31,Seattle,2009
935,Director,Finance,Corporate,Female,64,153253,24,Austin,2012
936,Manager,Accounting,Manufacturing,Female,34,103707,9,Columbus,2014
937,Vice President,Accounting,Speciality Products,Female,41,245360,37,Austin,2012
938,Development Engineer,Engineering,Speciality Products,Male,25,67275,0,Columbus,2021
939,Manager,IT,Manufacturing,Male,45,101288,10,Phoenix,2015
941,Cloud Infrastructure Architect,IT,Manufacturing,Female,37,91400,0,Chicago,2016
943,Manger,Human Resources,Research & Development,Male,42,135558,14,Phoenix,2003
944,Analyst,Accounting,Speciality Products,Male,49,56878,0,Seattle,2011
946,Analyst II,Sales,Manufacturing,Male,39,51234,0,Seattle,2007
947,Vice President,Human Resources,Speciality Products,Male,31,230025,34,Phoenix,2015
950,Analyst,Accounting,Manufacturing,Male,29,58703,0,Columbus,2016
952,Manager,Finance,Manufacturing,Male,32,126671,9,Miami,2020
953,Account Representative,Sales,Research & Development,Female,33,56405,0,Chicago,2021
955,Analyst II,Finance,Manufacturing,Male,39,62861,0,Seattle,2008
957,Manger,IT,Manufacturing,Female,53,154388,10,Seattle,1997
958,Director,Human Resources,Manufacturing,Female,54,162978,17,Miami,1994
959,Solutions Architect,IT,Speciality Products,Male,55,80170,0,Miami,1993
960,Analyst,Accounting,Manufacturing,Female,44,98520,0,Miami,2021
961,Manager,Finance,Manufacturing,Male,52,116527,7,Phoenix,1999
962,Director,Sales,Research & Development,Male,27,174607,29,Columbus,2019
963,Analyst II,Accounting,Research & Development,Male,58,64202,0,Columbus,2006
965,Network Architect,IT,Speciality Products,Female,36,94618,0,Columbus,2016
966,Director,Marketing,Research & Development,Male,26,151556,20,Miami,2019
967,Development Engineer,Engineering,Research & Development,Female,37,80659,0,Phoenix,2020
970,Network Administrator,IT,Research & Development,Female,58,72045,0,Phoenix,2016
973,Network Architect,IT,Research & Development,Male,61,96566,0,Columbus,2016
974,Systems Analyst,IT,Research & Development,Male,45,54994,0,Columbus,2001
975,Network Administrator,IT,Corporate,Female,40,61523,0,Columbus,2012
976,Vice President,Human Resources,Corporate,Male,45,190512,32,Columbus,2010
978,Manager,Accounting,Manufacturing,Male,57,101577,5,Chicago,2019
979,Manager,Accounting,Manufacturing,Female,44,105223,10,Phoenix,2005
980,IT Systems Architect,IT,Corporate,Male,48,94815,0,Chicago,2008
982,Analyst,Marketing,Speciality Products,Female,35,80622,0,Austin,2017
983,Vice President,IT,Speciality Products,Female,57,246589,33,Phoenix,2016
986,Manger,IT,Research & Development,Female,46,148035,14,Phoenix,2002
987,Director,Finance,Corporate,Male,60,158898,18,Miami,2017
989,Director,Sales,Speciality Products,Female,39,171487,23,Phoenix,2007
990,Vice President,Sales,Manufacturing,Female,43,258498,35,Columbus,2016
991,Manger,IT,Research & Development,Male,37,146961,11,Columbus,2010
993,Technical Architect,IT,Manufacturing,Male,30,67489,0,Chicago,2015
994,Director,IT,Manufacturing,Female,46,166259,17,Chicago,2018
995,Systems Analyst,IT,Corporate,Female,55,47032,0,Columbus,2009
998,Director,Marketing,Speciality Products,Male,31,176710,15,Miami,2019
1000,Vice President,Accounting,Corporate,Female,63,216195,31,Miami,2020
